timestamp,ip_address,request_rate,failed_logins,session_duration,unique_endpoints,bytes_transferred,login_attempts,hour_of_day,is_attack
2025-01-01 00:00:01,112.59.205.16,32.24841293963979,26,15.065452502651041,2,922.3086338858437,34,17,1
2025-01-01 00:00:02,75.250.41.147,145.47682887250136,1,25.334038112544572,3,170.57493954229193,1,16,1
2025-01-01 00:00:02,7.160.155.170,5.869706000549319,1,382.3441597492439,8,36915.01700141883,1,11,0
2025-01-01 00:00:03,117.98.95.66,31.31790667582859,30,12.236299483871985,1,1584.964939002347,38,17,1
2025-01-01 00:00:04,246.161.190.117,38.374206465615984,14,20.26012868699409,1,654.3397568604853,21,17,1
2025-01-01 00:00:04,85.128.220.12,113.10403492988515,3,49.09046988947946,3,429.35386641934,3,12,1
2025-01-01 00:00:06,225.55.53.95,76.42614640577811,2,39.62541470777741,1,379.7936275376473,4,14,1
2025-01-01 00:00:10,70.246.110.193,43.23513875145446,1,47.54015625804543,2,149.23422843410953,1,20,1
2025-01-01 00:00:11,83.85.167.172,97.30344409896848,1,58.4617936450199,3,124.49807424131048,3,6,1
2025-01-01 00:00:11,238.21.28.229,177.2120921940771,3,6.887824374829425,2,325.2623423545015,3,22,1
2025-01-01 00:00:14,213.225.190.16,52.94557449352753,11,9.564373503417249,11,114690.07007935761,15,2,1
2025-01-01 00:00:15,5.224.111.213,8.853184953132617,0,255.83180917032655,5,41155.756633499564,2,12,0
2025-01-01 00:00:15,112.200.157.13,26.90657867216855,19,5.906293207037571,2,1944.7671306256454,25,17,1
2025-01-01 00:00:16,221.53.194.148,196.93190890489925,3,15.925427366695978,2,304.30868828713596,1,17,1
2025-01-01 00:00:20,237.255.166.218,188.93633114470083,2,12.638097616588915,3,234.57322947288648,2,20,1
2025-01-01 00:00:21,71.177.200.201,8.446473690131189,0,381.81738360345634,4,8143.394272813393,1,13,0
2025-01-01 00:00:21,163.150.229.84,66.57392147463521,3,30.458208460175886,3,269.93894211767076,2,3,1
2025-01-01 00:00:22,50.155.141.207,92.30575175908373,2,7.366582054480573,1,118.06373207585654,3,1,1
2025-01-01 00:00:31,159.79.65.103,80.8915908303589,2,12.046213717855377,1,201.63066729323486,4,10,1
2025-01-01 00:00:33,42.34.1.232,131.20821469792315,3,50.0855174590131,1,204.99787093636797,4,0,1
2025-01-01 00:00:34,231.246.163.153,77.64772394351324,1,14.236980426123504,1,380.4610999664637,1,10,1
2025-01-01 00:00:35,151.253.6.216,63.08818697972499,3,52.375624906825685,3,110.66858308523919,2,17,1
2025-01-01 00:00:36,106.60.214.126,30.313966950780852,2,58.03658618188569,1,479.7868550036176,4,17,1
2025-01-01 00:00:38,9.86.201.132,18.833461013423896,19,27.40366624748745,1,1060.4727275070916,23,6,1
2025-01-01 00:00:38,78.13.164.227,151.09415325505188,2,38.91079870190345,1,116.47740391453749,4,7,1
2025-01-01 00:00:42,73.239.117.14,24.202132147591918,14,24.874773043146934,2,1673.3497563518767,38,14,1
2025-01-01 00:00:44,105.0.233.246,8.500906035154141,0,247.13352349623648,5,44934.89045495249,2,17,0
2025-01-01 00:00:44,246.191.167.23,43.80379232451367,2,26.929984482010482,3,485.7510172692508,1,4,1
2025-01-01 00:00:45,220.114.86.12,52.33490807160129,0,8.994848977493843,1,115.99822190272957,2,4,1
2025-01-01 00:00:45,80.37.231.1,71.76396240320197,2,11.617910161688119,3,334.0726679564859,1,9,1
2025-01-01 00:00:45,129.87.114.30,149.1523717123036,0,5.804394957157507,1,406.8818152547585,1,14,1
2025-01-01 00:00:45,30.171.99.220,148.75014367835686,2,42.264583005539535,3,309.7520807840218,2,4,1
2025-01-01 00:00:46,89.11.88.114,95.04216965116332,1,38.918617183786615,2,445.001931200599,2,18,1
2025-01-01 00:00:49,226.147.165.79,30.12805436825475,1,54.7899623756777,2,429.85128662965064,5,14,1
2025-01-01 00:00:50,31.188.131.106,7.586510749378918,0,334.49828056720963,6,24905.0997024024,2,17,0
2025-01-01 00:00:50,173.72.45.141,102.27750370446702,1,42.60419320812091,1,424.000374528545,5,22,1
2025-01-01 00:00:51,37.234.210.146,3.1109656210674888,1,234.39884292237505,1,32458.104133189103,2,20,0
2025-01-01 00:00:52,124.163.139.251,73.90651426854745,1,47.70465823282446,2,341.1041566249461,3,16,1
2025-01-01 00:00:54,62.44.4.77,30.606785673554928,7,4.881221169492775,14,220560.52353275922,7,4,1
2025-01-01 00:00:57,253.255.113.46,2.3928987647895785,1,455.6140128048882,2,45129.08156328632,1,12,0
2025-01-01 00:00:58,225.120.232.206,42.57854295219843,0,20.72124566724751,3,303.6641489968181,5,12,1
2025-01-01 00:00:58,177.134.48.98,181.3284493677113,0,29.107438339044254,3,304.3333707570862,4,20,1
2025-01-01 00:01:14,69.251.179.185,31.751554599984946,25,20.50806544857268,2,614.3671665939978,11,17,1
2025-01-01 00:01:16,254.179.81.200,4.804446499377439,0,105.6113146213061,5,35398.33879572714,1,11,0
2025-01-01 00:01:19,137.191.185.116,2.429289361386606,1,494.63885486793663,1,30931.254419386914,1,19,0
2025-01-01 00:01:24,24.15.150.109,8.136001015797714,1,92.64520744892121,6,14896.789707069554,2,20,0
2025-01-01 00:01:24,175.65.96.85,3.0332316328967135,0,555.9236285226499,8,49004.83305474499,2,8,0
2025-01-01 00:01:27,82.108.182.66,3.8415789302198213,0,477.5605069317568,7,6739.702376822002,2,15,0
2025-01-01 00:01:34,8.28.237.52,23.169007046333384,8,25.638967610288148,1,1437.1084784360362,26,7,1
2025-01-01 00:01:34,132.199.18.246,1.2544032963698362,0,41.17874924184018,7,7233.520327432822,2,17,0
2025-01-01 00:01:35,84.20.210.129,9.52988236388274,1,501.9338947067324,5,25023.29575722186,2,11,0
2025-01-01 00:01:38,71.245.225.108,24.94185557158734,8,3.9186375750752953,2,352.64691055147,19,9,1
2025-01-01 00:01:42,86.88.53.146,29.36469379345766,23,20.35687397211483,1,1397.7483951348192,23,14,1
2025-01-01 00:01:42,187.64.154.227,9.260950470380566,0,556.557919465003,3,10724.994175379634,2,12,0
2025-01-01 00:01:42,62.188.129.159,1.303670173919393,0,224.72521682495787,8,13095.157291798007,1,17,0
2025-01-01 00:01:53,126.76.57.247,2.797915833285935,0,232.00335516199004,3,34580.58888638552,1,13,0
2025-01-01 00:02:00,196.206.45.92,9.841267098387258,0,99.69420396111666,4,10205.64736360898,1,13,0
2025-01-01 00:02:02,54.16.5.95,23.331414062241123,10,23.602878640833023,1,566.914589951105,36,0,1
2025-01-01 00:02:06,98.0.173.137,2.7899046255912854,0,583.9760235660036,6,25880.531690598353,2,19,0
2025-01-01 00:02:09,218.70.177.5,5.351221148512536,1,319.15765534613786,8,16672.479964473747,2,12,0
2025-01-01 00:02:14,144.46.9.84,3.2233124058781826,0,455.83859675890125,4,29185.544538652062,2,19,0
2025-01-01 00:02:16,155.44.184.217,5.8049766148383215,0,107.54544229386678,2,48915.81347897144,1,8,0
2025-01-01 00:02:20,7.112.51.69,9.399414621576605,1,481.5136968802204,1,17905.239019185286,2,11,0
2025-01-01 00:02:25,219.15.30.19,22.16912618569503,18,28.739319121661623,1,423.42476008907136,41,22,1
2025-01-01 00:02:32,165.232.69.243,5.805371067889838,0,570.5017675636516,1,27437.272042818924,1,8,0
2025-01-01 00:02:38,136.215.109.66,8.833987437631304,0,350.1675782406132,3,41106.54464187086,2,10,0
2025-01-01 00:02:40,71.79.45.251,4.251977036667489,1,168.32595929288806,6,48948.55856826215,1,15,0
2025-01-01 00:02:40,101.162.73.157,2.1153833378644697,0,100.12005728103857,7,14176.37191040834,2,19,0
2025-01-01 00:02:41,117.33.227.5,38.2363064336231,8,13.610175923811482,2,882.0612507548108,49,18,1
2025-01-01 00:02:42,68.200.99.188,8.344221312628928,1,277.4803090971649,5,15459.999650099988,2,19,0
2025-01-01 00:02:50,241.20.24.55,32.26488369511854,27,12.32554211470164,1,547.4417904101931,16,20,1
2025-01-01 00:02:50,134.124.178.132,5.240448893180576,1,336.4688395722412,8,35340.04872368744,1,13,0
2025-01-01 00:02:52,148.93.189.172,23.759947531143478,26,26.06337721108089,2,1545.1588279711077,46,11,1
2025-01-01 00:02:53,242.239.229.26,6.2776579858380535,1,534.7884066476104,6,29182.084076937015,1,9,0
2025-01-01 00:02:58,75.177.189.70,42.537099082696514,12,9.32634034185327,20,363711.2763912869,17,2,1
2025-01-01 00:02:59,97.131.23.199,22.435068268844333,13,14.830727358126616,1,1664.1773438903083,31,4,1
2025-01-01 00:03:01,57.232.195.191,5.76141731725129,1,267.51061153092337,2,44132.71220478544,2,10,0
2025-01-01 00:03:09,222.249.81.64,5.65968242752633,0,181.42167589269647,4,36953.4909652958,1,17,0
2025-01-01 00:03:13,209.224.217.118,22.001521841271515,24,22.38415173262776,1,1204.3159190756328,35,4,1
2025-01-01 00:03:13,23.235.141.191,6.040270336963041,0,42.82861731689995,4,26591.721687518126,2,14,0
2025-01-01 00:03:14,232.29.221.180,22.693161108323842,26,16.09491950103711,1,1498.488466535493,26,15,1
2025-01-01 00:03:16,114.37.162.214,26.602491162101835,10,7.881821796647844,2,1863.43602210653,40,4,1
2025-01-01 00:03:35,5.76.29.6,39.02536304577212,17,13.892803044344985,1,336.0121773359185,37,5,1
2025-01-01 00:03:41,186.207.231.108,2.7180102502567074,1,546.1798250858295,7,8610.558818979951,2,11,0
2025-01-01 00:03:41,28.209.77.92,4.931998131897041,0,578.772126031,2,45669.1803416036,2,17,0
2025-01-01 00:03:42,186.127.21.99,8.285919887582452,1,596.8021387595612,6,40469.8559003914,1,10,0
2025-01-01 00:03:43,4.26.97.138,30.61305948690433,13,19.666576758928777,1,1434.6571851559945,12,8,1
2025-01-01 00:03:54,29.97.97.139,8.90526370937916,0,166.41605063352662,3,15869.024032842924,2,18,0
2025-01-01 00:03:55,58.63.170.213,32.22686835021685,27,12.967301864832196,1,1988.7020256545889,25,2,1
2025-01-01 00:04:06,168.60.209.8,9.481454370558732,1,290.79081715191273,6,33862.641342819166,2,16,0
2025-01-01 00:04:08,31.141.162.193,17.46176400651118,25,17.825001472447745,1,1394.2182828563357,47,17,1
2025-01-01 00:04:17,210.49.83.17,50.76277506227024,13,6.621527286097311,19,380311.7755044985,10,2,1
2025-01-01 00:04:19,192.132.210.161,9.128301879529518,1,410.98375573593097,6,39020.43265362876,2,18,0
2025-01-01 00:04:20,55.46.142.9,1.7915233215004234,1,462.64435369608407,1,2172.0755786589334,1,18,0
2025-01-01 00:04:23,248.193.27.181,30.06395191933167,10,27.59979492976158,2,1369.6363842745338,45,12,1
2025-01-01 00:04:33,27.15.220.192,21.306262807160497,20,1.9257694696485377,2,1852.513529605328,42,7,1
2025-01-01 00:04:50,18.63.160.198,29.841766452083867,8,15.092981551963383,1,820.8887182150659,42,8,1
2025-01-01 00:04:52,136.121.113.243,37.994275959187135,15,9.072374094395832,2,618.8784066551361,40,18,1
2025-01-01 00:04:53,141.25.66.181,4.965639680632414,1,411.21996143372183,1,23350.240377596438,1,19,0
2025-01-01 00:05:04,47.65.106.87,43.76310221323834,7,5.0847795650254834,20,471411.94321030186,20,3,1
2025-01-01 00:05:05,202.13.80.215,26.232034334801703,7,2.4263681263641734,14,493311.9995434121,8,4,1
2025-01-01 00:05:05,208.171.247.94,2.5667927325093243,0,454.0862933509001,2,14756.699657435003,1,9,0
2025-01-01 00:05:10,80.48.6.31,6.246267830478734,1,114.28389468102802,4,49814.8689305068,2,11,0
2025-01-01 00:05:23,27.126.231.4,9.699918663330047,0,75.88355511511772,6,22992.48986171205,2,19,0
2025-01-01 00:05:30,5.108.176.174,3.2810303373593848,0,246.04293400484735,5,3729.5659588560475,1,11,0
2025-01-01 00:05:34,44.129.52.35,8.381376226573625,0,245.47432216842748,2,18518.259824921384,2,12,0
2025-01-01 00:05:38,227.8.66.211,7.363135200603673,0,380.7283227009424,6,8738.975781784475,2,13,0
2025-01-01 00:05:43,209.145.48.243,7.387443361743028,0,221.92477672701276,4,24174.306426263654,2,19,0
2025-01-01 00:05:47,68.17.121.35,2.0652757643638395,1,301.60698455979826,3,7081.449834369428,1,10,0
2025-01-01 00:05:49,149.124.237.50,6.830350005017227,1,510.11671690597075,4,18386.129108381807,1,9,0
2025-01-01 00:05:52,216.66.212.167,3.919100876175371,0,71.06143086930653,4,43537.57311891322,2,14,0
2025-01-01 00:05:58,163.131.127.144,2.6249396526201707,0,292.9726281419882,8,38074.69770875187,1,11,0
2025-01-01 00:06:03,114.173.235.153,5.7467942220424595,1,97.86050191224147,3,22483.647256415556,2,9,0
2025-01-01 00:06:09,171.161.199.32,5.799245606530451,1,400.1386045318079,5,14300.43128028845,1,16,0
2025-01-01 00:06:09,221.164.32.201,7.22348751058595,0,328.77745567091915,8,2229.7368917732356,2,19,0
2025-01-01 00:06:14,128.58.214.46,1.7907453354562552,0,580.3737504556083,3,28513.840846883548,1,13,0
2025-01-01 00:06:16,232.149.154.251,5.204270021585522,0,145.02399939934645,6,23420.346913890815,2,17,0
2025-01-01 00:06:21,16.144.52.136,9.518116025706831,1,389.43564623800705,4,17372.84931537292,1,20,0
2025-01-01 00:06:44,151.103.254.91,3.9087098638398485,1,133.31689524826044,3,39812.98581189194,1,9,0
2025-01-01 00:06:51,205.49.210.60,4.808999793747415,1,130.21309378502173,3,47752.87594061929,1,8,0
2025-01-01 00:07:10,99.108.225.231,3.2005521380312447,1,173.65295752507598,6,25565.93510513491,1,8,0
2025-01-01 00:07:14,219.198.71.122,8.643118311682501,1,214.59977415429688,1,1953.452935139,1,13,0
2025-01-01 00:07:21,97.62.235.191,6.026595423626019,1,279.4078787026167,5,42055.350941299905,1,13,0
2025-01-01 00:07:33,4.13.126.87,9.929322484205771,0,397.1245925830017,6,43368.12059271552,1,20,0
2025-01-01 00:07:36,121.20.125.27,2.192197812514555,1,523.6055447574254,2,20270.56451319394,2,19,0
2025-01-01 00:07:40,206.221.213.182,4.357221023736264,0,205.12597811587736,3,8457.09520869151,1,15,0
2025-01-01 00:07:45,178.100.208.168,3.8433606027726492,0,176.54711449495105,5,13567.261213316868,1,14,0
2025-01-01 00:07:52,37.125.211.148,1.1796952855327487,1,92.398685076073,5,25442.782797426466,2,19,0
2025-01-01 00:07:52,1.137.130.142,6.560928956911457,0,500.05581107907466,2,44350.157203855175,1,10,0
2025-01-01 00:08:00,149.183.143.118,7.2446280968592465,0,344.504676848991,7,32741.24633508521,1,19,0
2025-01-01 00:08:06,131.69.95.119,6.030291247351457,0,323.1097433802403,1,11096.91461383289,2,14,0
2025-01-01 00:08:09,112.179.113.35,1.6407127739907919,0,425.8494861154564,1,38148.078242860414,2,8,0
2025-01-01 00:08:10,57.73.203.152,1.6699757543319786,1,149.5689445557348,2,11388.211930413236,1,11,0
2025-01-01 00:08:19,20.103.60.238,9.805741694687054,1,213.06875020072528,8,41902.74873212857,2,9,0
2025-01-01 00:08:31,48.226.40.10,9.571648331856114,0,61.76001167435765,3,41669.80210573123,1,14,0
2025-01-01 00:08:42,23.16.15.173,5.945044876198398,0,402.6888297722812,3,37928.41299194893,2,15,0
2025-01-01 00:08:43,227.59.233.240,8.153206497738978,0,185.19340434911106,6,17976.666348980696,2,8,0
2025-01-01 00:08:45,93.104.188.184,4.546768391104802,1,44.84378496648916,6,46314.048136735335,2,16,0
2025-01-01 00:08:46,70.21.3.71,2.802185907080276,0,304.7931437710607,2,18501.60950559893,2,13,0
2025-01-01 00:08:47,138.114.108.137,2.6545511467168517,0,65.17649561853206,3,41317.80585285344,2,19,0
2025-01-01 00:08:47,119.153.1.211,3.489390553369634,0,521.6952085121716,5,43747.460703956334,2,11,0
2025-01-01 00:09:27,25.17.188.214,8.188983587128298,1,36.67234097255824,4,24534.357983161648,2,18,0
2025-01-01 00:09:28,6.209.61.81,7.4102714584865295,1,239.15837903730494,2,2105.898109575973,1,15,0
2025-01-01 00:09:40,116.118.225.57,8.50912674515179,0,450.815600069428,5,34352.611859843055,2,10,0
2025-01-01 00:09:49,108.217.222.196,3.4633144051373455,0,324.64185116820613,6,14991.682201266,2,14,0
2025-01-01 00:09:50,95.236.94.28,5.2220084668959235,0,576.6220411915023,8,41835.58894943432,1,12,0
2025-01-01 00:09:51,189.98.129.133,9.025106451773208,1,392.61842236450195,6,13901.974461106178,1,20,0
2025-01-01 00:10:26,58.232.156.140,5.522925333972447,0,320.25083927835897,4,42397.86399140142,2,10,0
2025-01-01 00:10:48,37.152.36.127,3.8783895077222015,1,479.5561336862959,4,9296.731670593093,1,18,0
2025-01-01 00:10:48,77.79.72.185,6.931948531549015,1,470.7670247458446,5,47768.38518302416,1,10,0
2025-01-01 00:10:57,157.206.37.225,8.236270532114078,0,146.85558471451378,7,18478.768005152382,1,19,0
2025-01-01 00:11:04,128.248.129.213,1.653597618526634,1,163.17229759431407,5,11352.977800114628,1,9,0
2025-01-01 00:11:06,139.117.187.4,35.53152842674935,10,8.1526172747324,12,156423.14049028614,6,1,1
2025-01-01 00:11:09,131.166.114.54,6.836904170544889,1,456.41791561325624,5,45049.45308875318,1,8,0
2025-01-01 00:11:10,120.224.211.43,8.641970236168072,0,140.57562191882704,7,45578.92208632544,1,8,0
2025-01-01 00:11:15,246.5.78.234,2.7719205586102813,0,125.5872177885189,6,5667.342476975441,1,9,0
2025-01-01 00:11:25,59.62.139.12,9.951520422273628,1,508.97978210249795,2,19188.68809420007,2,9,0
2025-01-01 00:11:28,84.0.116.226,1.156117163102007,1,254.89801189883218,8,18292.845284445695,1,18,0
2025-01-01 00:11:38,132.142.201.235,7.4149267941967905,0,549.0629953197241,2,8864.302475214665,2,10,0
2025-01-01 00:11:41,55.138.135.143,4.687816020231477,1,180.8283991883494,6,28054.41068027966,1,19,0
2025-01-01 00:12:05,79.42.234.3,3.781153071588307,0,241.42005339975776,2,25255.35846928226,2,17,0
2025-01-01 00:12:05,80.174.101.42,4.25694254043295,0,271.38714717392753,1,5060.615590291555,1,12,0
2025-01-01 00:12:11,158.142.250.127,6.012082035520969,0,552.3294617184558,1,48603.69919889877,2,12,0
2025-01-01 00:12:12,161.173.70.174,5.726675295820487,1,114.67935090433096,2,13643.148834589134,2,14,0
2025-01-01 00:12:13,170.211.204.233,2.592039895130318,0,295.70655437278003,7,11719.120913813333,1,14,0
2025-01-01 00:12:46,220.212.178.250,9.503866586621369,0,320.2699552051966,8,48409.14366968435,2,12,0
2025-01-01 00:13:28,102.76.70.71,3.057118912796671,1,83.02270066771017,4,43252.1546905376,1,15,0
2025-01-01 00:13:30,28.80.34.129,4.665905950907884,1,433.8285617201466,5,5201.128030334169,1,11,0
2025-01-01 00:13:42,29.25.126.251,5.019653258019061,1,39.01965576997313,6,4155.973840609877,2,10,0
2025-01-01 00:14:11,45.5.233.54,2.636052223797117,1,370.49187053888437,7,12231.614612562846,2,20,0
2025-01-01 00:14:12,254.97.110.223,45.1779139071145,5,5.765424536817832,19,402148.7699361041,16,1,1
2025-01-01 00:14:13,146.251.5.102,8.557558752260523,0,530.2378960047658,2,7554.187866176563,1,19,0
2025-01-01 00:14:13,140.228.190.170,8.745429387116578,1,227.76829387497273,5,34461.313183344464,1,19,0
2025-01-01 00:14:22,64.153.118.26,9.12879842424767,1,176.3770293081094,6,30360.817798631255,1,15,0
2025-01-01 00:14:23,162.245.218.72,2.9105619549805297,1,288.17464539247885,6,49526.52856330222,2,13,0
2025-01-01 00:14:26,2.26.237.149,5.250864250779505,1,171.82624566464867,3,4305.502395502424,2,15,0
2025-01-01 00:14:31,148.239.50.145,7.470927527179506,1,292.53697195992544,8,13418.240482495377,1,12,0
2025-01-01 00:14:44,21.209.103.1,6.139067842106487,1,416.1615979376601,1,4114.503739657986,1,18,0
2025-01-01 00:14:49,155.194.141.73,6.63786366512845,0,117.12472870812225,1,36122.46192486236,1,17,0
2025-01-01 00:14:54,130.121.202.27,6.253878564872379,1,356.69486191484197,7,4710.99098106839,1,18,0
2025-01-01 00:14:54,41.88.20.207,40.54122877265081,8,7.003550266172722,14,252647.51988232174,20,1,1
2025-01-01 00:15:03,250.191.12.59,9.1813634804997,0,56.73391817993877,7,46400.32788887248,1,9,0
2025-01-01 00:15:08,83.68.42.97,9.35857254503991,0,170.69127888333048,4,25805.147322587956,1,14,0
2025-01-01 00:15:10,166.129.57.165,5.550766604193559,0,302.3553136376069,8,8443.85662878786,2,19,0
2025-01-01 00:15:20,27.208.226.97,8.697651315433534,0,65.53697648727494,5,39073.193422275464,1,12,0
2025-01-01 00:15:26,246.120.189.197,5.539356827751809,0,461.3539274896182,1,20413.255733198966,2,10,0
2025-01-01 00:15:31,247.106.242.44,2.51040731622225,1,39.08087244703574,7,4768.180082668296,2,12,0
2025-01-01 00:15:37,207.19.9.31,6.163611656921953,1,324.23527940230724,4,34913.23671796011,1,17,0
2025-01-01 00:15:40,209.189.75.123,9.108228331289142,0,352.54875716125247,8,29696.509256446476,1,18,0
2025-01-01 00:15:58,112.66.176.45,6.91515069015642,0,149.1900423782859,7,43259.401299531266,2,18,0
2025-01-01 00:16:16,226.17.156.4,1.3080779612934932,0,354.88114281090833,7,41235.02159824284,2,12,0
2025-01-01 00:16:18,250.62.95.128,2.842837523776645,0,586.2313516773609,1,41940.14323824732,1,12,0
2025-01-01 00:16:20,16.69.22.127,8.655262653607856,0,524.3560027276058,5,38144.69114986653,1,20,0
2025-01-01 00:16:22,146.191.235.177,34.616690051113196,10,6.174279602508474,11,455934.6528892654,9,2,1
2025-01-01 00:16:24,21.0.134.109,1.2821164976050805,1,256.8484932222834,6,39858.298793067755,2,9,0
2025-01-01 00:16:25,194.206.122.60,1.0321886732461922,0,90.02557720814845,2,7502.621967059239,1,12,0
2025-01-01 00:16:26,171.79.179.19,4.66316809803212,0,544.8734514405523,4,9325.32557363838,1,14,0
2025-01-01 00:16:49,169.191.179.22,9.503873294919387,1,237.63368311187836,8,26035.71886791787,1,8,0
2025-01-01 00:16:54,112.6.100.22,3.156035208533001,0,76.86154687163562,8,21378.19747668445,2,13,0
2025-01-01 00:17:01,153.148.123.239,8.422219606073558,0,414.9335263828084,5,43951.4776670986,1,10,0
2025-01-01 00:17:07,99.184.57.191,26.661810159716723,11,9.678059142732305,15,344029.2982365799,19,4,1
2025-01-01 00:17:09,81.40.46.189,4.54798631483856,0,417.1802771397226,4,48513.64174505346,2,18,0
2025-01-01 00:17:11,243.3.31.9,7.188455230344777,1,185.31634886067636,5,2943.271013586335,2,18,0
2025-01-01 00:17:16,151.185.50.94,3.723328487712735,0,566.8144377917135,4,37216.12890450916,2,19,0
2025-01-01 00:17:16,233.161.225.74,6.149903535713952,1,539.8050894776076,4,20180.320415989492,1,9,0
2025-01-01 00:17:20,83.38.173.65,8.01335325088032,0,54.05904635899193,7,13167.832659075948,1,9,0
2025-01-01 00:17:25,88.45.110.176,6.574732231649017,1,277.4829717294857,1,41811.76372677449,1,16,0
2025-01-01 00:17:26,189.214.206.142,7.348950184840432,0,429.2345688712369,5,33618.66551049886,2,11,0
2025-01-01 00:17:28,8.78.96.199,29.781751853792272,13,7.631685223075514,20,390341.64589036553,13,1,1
2025-01-01 00:17:28,147.212.69.22,5.463836589789008,0,448.5802452452559,8,23233.570591142194,1,10,0
2025-01-01 00:17:36,60.244.46.217,9.944356495386618,0,212.06871642126953,4,21488.883942380227,2,17,0
2025-01-01 00:17:40,59.209.72.72,5.299728515356353,0,210.33048758450724,3,12993.673444875576,2,12,0
2025-01-01 00:17:42,178.22.146.184,4.819209791549605,1,30.914407873805672,1,14247.407932808203,2,20,0
2025-01-01 00:17:43,66.8.231.154,2.6501762236023247,1,444.56414190941433,6,17075.349371880857,2,20,0
2025-01-01 00:17:45,14.242.61.186,9.540076516281998,0,282.89993831322863,1,41914.92464007196,2,9,0
2025-01-01 00:17:46,227.178.130.65,4.1500218705624015,0,506.16643680043785,1,44259.505265733664,2,12,0
2025-01-01 00:17:51,3.252.222.100,6.5048424639645255,1,505.2496713033272,5,28103.512187478835,2,13,0
2025-01-01 00:17:55,63.124.44.226,1.048733994314125,1,471.5655582798448,8,43688.76920672909,2,8,0
2025-01-01 00:17:57,141.46.21.93,5.669820467438836,1,543.8935725493936,6,32301.229928993045,1,12,0
2025-01-01 00:18:02,66.125.224.100,2.2475778385053595,0,261.69113590177074,1,40109.4826508933,1,8,0
2025-01-01 00:18:11,199.65.71.11,7.678751194135527,1,317.1134905794817,2,5790.697860985759,2,11,0
2025-01-01 00:18:16,252.202.187.35,6.098045602938836,1,432.72052974130906,1,8955.068076610558,2,15,0
2025-01-01 00:18:24,123.153.208.227,8.846412166953929,1,121.83717502467361,4,34107.42808826333,1,8,0
2025-01-01 00:18:26,35.184.179.40,3.3272208785445097,0,269.8379271149922,7,24370.042488479816,2,11,0
2025-01-01 00:18:39,200.4.186.195,5.251663708634043,1,56.26490678075232,6,31144.618141383904,2,15,0
2025-01-01 00:18:43,102.117.18.152,4.918021197427125,0,422.0546533823038,3,46145.158836902825,2,18,0
2025-01-01 00:18:43,174.135.80.131,2.2863528949301526,1,277.9563183482722,3,32875.72263819553,2,10,0
2025-01-01 00:18:44,147.159.222.80,8.787073974550065,1,153.72936262128485,7,22631.527717541736,1,12,0
2025-01-01 00:18:49,176.173.232.18,51.06762496816498,14,9.18981167413985,15,407865.43058771477,13,4,1
2025-01-01 00:18:53,29.199.102.193,7.405013939673192,0,36.74571542245026,7,30765.239627422827,1,12,0
2025-01-01 00:19:01,101.0.254.14,3.4876254166174854,0,245.51100223734466,1,48540.07562003173,2,14,0
2025-01-01 00:19:07,209.27.182.190,8.237295291086411,0,284.57609123369525,3,19364.018845447754,2,19,0
2025-01-01 00:19:13,186.34.170.225,27.069728733818863,7,3.0840966210279532,16,245381.8311504974,15,1,1
2025-01-01 00:19:19,144.124.73.239,8.714947801069819,1,199.44248686957317,4,21724.895142177702,1,8,0
2025-01-01 00:19:30,163.196.91.247,5.339873891514519,1,340.475777496528,2,37606.36080315561,1,14,0
2025-01-01 00:19:32,180.163.251.39,7.962653847082021,1,335.57400719561366,3,25139.682592743324,2,20,0
2025-01-01 00:19:32,123.144.239.236,1.7221998596779162,1,224.9485169606802,7,16816.584877341294,1,19,0
2025-01-01 00:19:32,118.26.169.98,49.25204018413307,9,8.821441384720504,11,187637.65048363234,10,4,1
2025-01-01 00:19:32,57.4.112.119,4.456227940007983,0,415.966096944834,5,9709.727929503237,1,15,0
2025-01-01 00:19:37,232.130.56.103,9.790536237958353,1,156.17585278015673,8,25768.228091829773,1,19,0
2025-01-01 00:19:44,60.170.120.91,2.9743681067723164,0,358.3880424972144,6,30951.057761599917,1,10,0
2025-01-01 00:19:58,157.158.151.127,2.0438068912484475,0,387.728027577981,1,22230.271983403323,2,11,0
2025-01-01 00:20:01,206.172.46.111,6.79758581311899,0,317.1380258742728,4,25900.588625481545,1,20,0
2025-01-01 00:20:02,87.39.180.26,1.2671688493161395,1,452.4721958554893,2,30563.231425934475,2,17,0
2025-01-01 00:20:07,191.66.203.56,7.330115301596602,0,428.91393726487144,5,43596.59512695731,1,20,0
2025-01-01 00:20:22,167.118.236.83,7.897312974245569,1,290.67586849565555,8,40410.430160758646,2,19,0
2025-01-01 00:20:36,134.73.230.62,2.7313354382188426,1,221.17570359901785,6,29304.70363229226,1,14,0
2025-01-01 00:20:50,202.232.238.190,9.147202919960579,0,79.8980980887643,1,10488.40344067724,1,10,0
2025-01-01 00:21:07,171.151.8.22,1.091202475917477,1,316.4816702802416,6,35623.78555950472,2,14,0
2025-01-01 00:21:15,103.207.21.104,9.956793056667035,1,237.36949921211487,5,12078.731786570163,1,14,0
2025-01-01 00:21:22,20.55.19.183,8.254511547291223,1,353.8466811247168,4,11904.636899323099,1,8,0
2025-01-01 00:21:23,199.131.100.150,2.2118277523216667,1,153.5763162217085,3,47609.38336416634,1,16,0
2025-01-01 00:21:26,223.194.83.253,8.403995158855114,1,352.8388806976198,5,38058.86545021635,1,10,0
2025-01-01 00:21:26,92.15.68.237,2.871156415464214,1,547.1306508448364,8,37409.621457745205,1,18,0
2025-01-01 00:21:40,107.96.196.225,7.4038830670181275,0,523.3931548995401,6,17945.34799512912,2,11,0
2025-01-01 00:21:55,243.167.151.62,3.21926117997936,0,568.5308561653551,5,12269.139063786222,2,16,0
2025-01-01 00:21:56,192.163.184.71,5.32575045056684,0,387.1745616860592,1,39707.29831638242,2,13,0
2025-01-01 00:22:00,43.188.79.248,2.5953615080313837,0,595.0364202345838,7,23805.690099289764,1,9,0
2025-01-01 00:22:14,121.100.130.254,8.597112584685615,0,319.27109765312684,7,32898.35462233139,1,13,0
2025-01-01 00:22:33,203.145.175.164,5.7929142579576585,1,237.74721657941728,1,14710.565692583566,2,18,0
2025-01-01 00:22:33,158.191.180.215,2.6341575448146304,0,242.1939816783807,7,4382.2307374222655,2,16,0
2025-01-01 00:22:39,158.109.101.214,5.688987845385796,0,381.3799897915726,1,31892.35985577332,2,20,0
2025-01-01 00:22:47,47.62.147.207,43.5160911355037,5,1.878545508645414,16,201477.3484658267,13,3,1
2025-01-01 00:22:50,227.174.152.115,1.6756383336719183,1,185.8597033495933,3,6733.699955545109,2,18,0
2025-01-01 00:22:57,247.79.250.48,8.47165368049259,0,272.9520509706525,1,46188.90986785897,1,16,0
2025-01-01 00:23:01,63.75.125.25,34.44317581454789,6,8.010160371828881,14,232403.47771469128,7,1,1
2025-01-01 00:23:05,78.241.59.120,4.422691471422539,0,39.4051650475138,1,44586.16960560844,1,16,0
2025-01-01 00:23:09,210.112.179.178,43.520004040902336,6,5.848726270436218,12,399721.4160876233,18,2,1
2025-01-01 00:23:19,217.94.25.203,6.373572385385018,1,161.26002876587697,7,16525.148666925124,2,11,0
2025-01-01 00:23:20,228.222.2.229,6.129113088243679,1,283.8448512887355,6,39649.09431017518,2,18,0
2025-01-01 00:23:23,167.88.192.58,4.987840533272671,0,48.196380280318955,1,6488.655190439242,1,14,0
2025-01-01 00:23:24,136.204.136.8,3.0961066131625117,0,493.62454882909554,1,42477.49310112462,2,12,0
2025-01-01 00:23:32,5.251.178.53,9.277001014665872,1,517.6506827246474,2,15547.55475257913,1,16,0
2025-01-01 00:23:41,152.39.72.37,8.174113789597811,1,443.982325008485,4,18232.213979369724,1,20,0
2025-01-01 00:23:58,231.34.221.79,8.048599295098546,1,323.8595328158559,6,40145.6164945006,1,18,0
2025-01-01 00:24:01,11.109.43.53,4.197238545064099,0,569.2999988105702,4,25952.374026826288,2,8,0
2025-01-01 00:24:02,214.245.138.217,5.21829495438381,0,363.9872826079396,4,36482.06633705349,1,15,0
2025-01-01 00:24:03,230.115.222.47,7.412971926297007,1,430.673372915245,6,14951.133773498632,1,17,0
2025-01-01 00:24:05,213.100.184.35,3.7602074662547245,1,521.8191834459867,2,3045.612378766544,2,17,0
2025-01-01 00:24:05,125.211.155.145,28.45795913903411,5,9.831583664759666,11,384915.2797883976,7,3,1
2025-01-01 00:24:19,30.100.247.10,4.627248016032691,1,65.28208912676136,6,21259.219812843374,1,18,0
2025-01-01 00:24:21,241.161.188.153,1.8978778586499017,1,32.64220910643209,4,22674.79101573697,1,17,0
2025-01-01 00:24:24,188.33.10.86,2.4605071265636917,0,267.4219137699778,7,2419.493765803908,1,14,0
2025-01-01 00:24:27,141.13.126.182,1.389013345779524,0,370.4393861917384,6,45123.254395076314,1,11,0
2025-01-01 00:24:30,43.195.186.177,51.66342666468795,9,1.7975673927060205,14,166169.73861222103,14,3,1
2025-01-01 00:24:36,248.123.28.194,7.515179935801875,0,468.3586069287401,6,33368.46342411552,2,14,0
2025-01-01 00:24:47,58.246.160.44,3.7982810172185553,0,292.34795335468027,8,41267.79856053197,2,14,0
2025-01-01 00:24:56,47.125.239.159,3.882111083912678,0,313.5851207720301,5,43814.018045388075,2,13,0
2025-01-01 00:24:57,8.103.201.171,5.987550588220627,0,193.35146018529227,8,31558.919540991756,1,13,0
2025-01-01 00:24:58,5.64.140.58,9.60497208238318,1,242.0831067836759,5,13270.254270731042,2,17,0
2025-01-01 00:25:00,26.126.141.68,55.289533738969055,11,7.493469344863308,14,240479.17534047904,13,1,1
2025-01-01 00:25:00,185.235.156.66,6.376590962432934,0,145.74576905724913,2,27735.99258137687,1,14,0
2025-01-01 00:25:07,131.202.170.230,5.248021229567787,0,440.7304207144129,7,12825.152690627947,1,12,0
2025-01-01 00:25:18,139.158.177.81,9.386647204004213,0,561.8929251903838,6,2897.5698376316827,2,18,0
2025-01-01 00:25:21,124.69.214.46,9.392686922071388,1,592.5331237881771,7,22588.828442804854,2,11,0
2025-01-01 00:25:30,8.36.114.20,2.967444432392204,0,431.483930526544,1,12219.717185454952,2,16,0
2025-01-01 00:25:42,31.183.66.139,5.181316808101438,1,542.7410065246963,5,28996.83601187452,2,13,0
2025-01-01 00:25:42,108.33.187.157,3.9592459416484056,1,153.3244056284379,3,5523.318234785255,1,13,0
2025-01-01 00:25:44,222.225.186.232,4.357422743250787,0,542.3877263726938,7,37178.623381682955,1,16,0
2025-01-01 00:25:47,204.29.54.216,1.339747082491129,0,354.223628241454,6,44398.3313144883,2,9,0
2025-01-01 00:26:01,78.213.106.143,7.129728980371074,0,451.6411515290846,2,24800.64736035505,2,14,0
2025-01-01 00:26:03,110.28.23.152,9.71109779996361,0,323.1386578554577,4,8130.856535993341,2,16,0
2025-01-01 00:26:03,55.145.203.161,2.760396865411395,0,419.7472302431429,3,39323.08986417317,1,17,0
2025-01-01 00:26:19,140.200.94.23,4.405965208680857,1,33.87157091943427,5,29078.341644244098,2,16,0
2025-01-01 00:26:22,4.142.187.21,3.292236174168061,1,591.6403214807376,6,43022.76720516018,2,20,0
2025-01-01 00:26:24,15.77.240.93,3.537558906688541,1,566.3105924277933,5,902.417252067946,2,20,0
2025-01-01 00:26:25,47.146.182.186,2.3059126996891885,0,79.39257303050118,5,9718.596674840219,1,18,0
2025-01-01 00:26:28,60.70.101.13,8.414988727476743,1,130.87458202116284,2,40962.92124866342,1,19,0
2025-01-01 00:26:32,243.90.29.190,5.857464339373181,0,439.8624706217992,7,23208.831421422852,2,14,0
2025-01-01 00:26:35,162.213.218.176,9.297302109661,1,449.616612002432,2,29677.59121142975,1,18,0
2025-01-01 00:26:36,149.150.30.1,6.60981361912443,0,490.74211353881975,3,29589.65233330172,1,10,0
2025-01-01 00:26:42,192.17.99.221,4.2962496031831865,0,277.41779589730436,6,3779.094962391057,1,19,0
2025-01-01 00:26:43,141.249.176.62,4.962751019013016,0,38.81188846106939,7,40165.94589197718,2,13,0
2025-01-01 00:26:45,251.14.82.241,9.49482385859804,1,441.7736504484486,1,44381.63248937156,2,17,0
2025-01-01 00:26:53,193.119.125.18,34.71678767586292,12,4.666660940091642,16,385304.50187425,18,1,1
2025-01-01 00:26:53,148.220.107.121,8.409117628332925,0,32.68401246484718,7,21708.13344677618,1,11,0
2025-01-01 00:26:54,139.191.119.80,5.132075828922883,0,367.23567701574837,5,35232.095641135,2,12,0
2025-01-01 00:26:57,125.109.145.17,59.06076229829905,5,7.100326233217596,10,152934.02725024152,7,3,1
2025-01-01 00:27:39,163.64.6.109,8.549043729855093,0,475.5574937264804,5,18863.704164045357,2,15,0
2025-01-01 00:28:09,120.164.55.115,46.982360568422244,12,2.3093706383827475,16,330293.32560922246,14,1,1
2025-01-01 00:28:16,219.21.228.39,2.0883485328984563,1,135.75394409427375,8,7523.36930789574,1,16,0
2025-01-01 00:28:16,218.46.8.36,9.632556826976357,0,98.93544335792573,4,29220.042233017823,2,15,0
2025-01-01 00:28:17,36.230.167.156,8.500639349045418,0,284.6666077974787,7,18956.680972202903,2,19,0
2025-01-01 00:28:20,242.105.42.92,2.450131468406931,0,500.0514126442531,6,16999.70402299696,2,11,0
2025-01-01 00:28:21,201.29.126.59,3.0911875731829634,1,512.4055751994995,6,38783.21877191398,2,12,0
2025-01-01 00:28:22,12.148.216.227,1.2697237255728595,1,314.77746305668376,8,19456.595642553988,2,12,0
2025-01-01 00:28:24,103.45.173.126,6.4761772383366125,1,321.89100042777915,1,7994.148723792803,1,9,0
2025-01-01 00:28:39,243.187.162.38,3.4252094588591517,1,415.2397681481633,4,12795.505994134905,2,9,0
2025-01-01 00:28:42,2.222.66.155,1.332891402581958,0,466.0375644059798,6,7234.203296833622,1,13,0
2025-01-01 00:28:45,197.211.145.40,2.81759841167568,0,516.1861128375417,8,22101.15032994119,1,20,0
2025-01-01 00:28:48,247.137.149.68,9.646360451163343,0,567.7275745799876,8,41864.632754781655,1,9,0
2025-01-01 00:29:14,98.237.67.203,6.754593833447674,0,530.5419095536829,4,35008.114683756074,1,20,0
2025-01-01 00:29:20,10.97.132.156,36.16656794388876,11,3.729532263458929,10,388894.06609726127,14,3,1
2025-01-01 00:29:21,227.139.239.147,26.325243514536655,13,9.942216845190593,12,254028.78628069395,18,1,1
2025-01-01 00:29:23,99.172.12.62,3.048960948741353,0,506.89994739445575,7,48052.82731252055,2,15,0
2025-01-01 00:29:26,133.13.110.47,1.841646838121877,0,152.59113613408877,4,22166.820153237688,2,10,0
2025-01-01 00:29:31,183.7.203.149,8.464747156277026,0,238.72385305071387,2,39855.639548830826,1,19,0
2025-01-01 00:29:32,5.208.33.227,8.853702829193203,1,294.2330694212273,1,504.72661968333045,1,10,0
2025-01-01 00:29:41,117.219.121.41,6.2019798143820175,0,178.90840303295178,8,713.9351546670508,2,19,0
2025-01-01 00:29:42,227.207.165.205,6.864423244828201,0,141.78403555855084,6,20964.90245465038,1,20,0
2025-01-01 00:29:58,130.93.240.63,4.4629200464242675,1,136.99673892836446,5,11751.729149317598,2,9,0
2025-01-01 00:30:00,244.192.157.143,5.51143968866813,0,521.091414378411,1,38836.381192159984,1,13,0
2025-01-01 00:30:20,56.160.118.50,7.643204826866434,1,381.9458097377093,6,31340.31146641412,2,8,0
2025-01-01 00:30:22,189.230.8.211,6.843057620408787,1,486.26810611308946,5,44209.629572113314,2,8,0
2025-01-01 00:30:49,142.33.213.161,7.447323192393274,0,347.22395538948837,4,26282.348722613773,2,9,0
2025-01-01 00:30:52,181.219.21.92,9.697506387366715,1,565.054078978135,4,12853.333808390355,2,20,0
2025-01-01 00:30:56,181.101.182.200,1.9254163854658615,1,36.93617272120218,3,49518.62895123184,2,20,0
2025-01-01 00:30:57,88.48.216.84,4.107259254329997,1,32.31082681189854,1,19673.500649306294,2,17,0
2025-01-01 00:31:17,152.71.246.28,3.857649715374441,1,359.7691500191063,1,9431.391752371965,1,20,0
2025-01-01 00:31:23,91.69.3.90,9.994166353784959,1,212.78162324748482,6,7685.7641494798,2,10,0
2025-01-01 00:31:25,127.237.72.209,1.0343955291730749,1,491.98916969808545,5,1489.8683014508692,1,20,0
2025-01-01 00:31:29,57.31.53.188,6.850552261345988,0,137.246283977166,8,36467.40760255952,2,14,0
2025-01-01 00:31:30,36.246.137.229,2.4284141012643046,1,33.69933032703432,4,34845.16885633563,2,16,0
2025-01-01 00:31:34,91.98.25.223,9.474499302921556,0,106.59023571177974,5,19612.271055397814,1,13,0
2025-01-01 00:31:36,164.11.50.214,5.131902192493542,1,103.67305309249213,7,2404.0653122624744,2,13,0
2025-01-01 00:31:55,20.62.38.157,6.012592873117251,1,561.3068214251033,3,19016.05300418192,2,17,0
2025-01-01 00:32:04,196.191.227.76,8.020532746305719,0,594.6143338595251,4,24810.385845903224,1,15,0
2025-01-01 00:32:16,146.149.51.45,5.882345332430689,1,97.652973504137,3,18467.74755114225,2,11,0
2025-01-01 00:32:29,40.118.31.138,8.54463163806772,1,207.31649664939948,2,41545.18567169398,2,10,0
2025-01-01 00:32:37,148.219.254.231,9.076034753598703,0,306.21044849084404,5,25898.39262347852,1,9,0
2025-01-01 00:32:57,181.237.20.104,5.0510018468795295,1,320.36398608459973,1,11177.3494579762,2,9,0
2025-01-01 00:33:11,238.131.160.249,8.603478957827221,1,218.0991987128261,5,48426.6177590311,2,10,0
2025-01-01 00:33:33,211.163.236.102,7.290397380544789,0,557.1797263322533,5,2655.4312673374766,1,19,0
2025-01-01 00:33:44,77.75.95.215,3.8444538228192497,1,563.5125286919061,6,6066.31809615,1,18,0
2025-01-01 00:33:54,223.61.46.206,4.075523351643935,1,361.1904226354565,2,9067.048171869634,1,19,0
2025-01-01 00:33:56,19.42.135.200,1.6023205696505909,0,477.6507630706527,6,28467.92662494078,1,9,0
2025-01-01 00:34:07,67.46.50.130,2.1019739524519907,1,466.682308465419,3,17556.08054346479,1,10,0
2025-01-01 00:34:10,227.130.165.63,7.825876684717394,0,573.8914760696485,3,6677.684216400163,2,17,0
2025-01-01 00:34:30,165.233.54.91,8.873877885438421,0,529.8427775431644,5,11107.868882438912,2,17,0
2025-01-01 00:34:54,12.146.150.161,6.013980277840016,0,525.7453473742689,5,44883.075899541516,1,11,0
2025-01-01 00:34:59,4.129.52.176,8.896916661905145,0,77.13877062446872,4,5248.557039183068,1,11,0
2025-01-01 00:35:02,162.223.124.132,3.1123983896937233,1,249.04969285688696,7,20748.336813247846,1,20,0
2025-01-01 00:35:10,206.72.109.161,9.962384611806165,0,492.4927995176423,7,20212.348601172347,2,17,0
2025-01-01 00:35:12,100.119.249.243,6.357565345070618,0,301.64970616033736,2,26219.170038483382,2,15,0
2025-01-01 00:35:12,2.129.121.56,5.7926862302452555,0,147.81211263154825,6,42587.862055011516,2,20,0
2025-01-01 00:35:33,211.136.19.96,5.545644685586653,0,84.2374124540288,2,45993.28038929328,1,16,0
2025-01-01 00:35:43,251.229.221.224,9.021621845273147,1,569.8229913932232,3,32341.51009578004,1,12,0
2025-01-01 00:36:03,9.107.34.146,4.758812754879891,1,99.8320283231938,5,16403.11259060944,1,15,0
2025-01-01 00:36:10,183.2.136.46,3.0677166758992733,0,322.3635277465785,2,28914.66234430483,2,8,0
2025-01-01 00:36:10,253.36.45.73,8.946913721965014,1,92.63023074438702,2,34534.34928833325,2,12,0
2025-01-01 00:36:18,48.133.205.179,4.22578402771448,0,433.09912777845074,2,44015.10820360805,1,17,0
2025-01-01 00:36:19,162.25.248.123,2.9974814203828375,1,425.2072841562914,3,31021.570729233572,1,9,0
2025-01-01 00:36:36,244.52.195.233,9.399130152150974,0,553.5989573938587,3,17290.99149243858,1,9,0
2025-01-01 00:36:36,248.255.187.206,9.249607119371182,0,195.3767710923764,8,26044.40206437359,2,15,0
2025-01-01 00:36:40,61.102.4.244,9.652380513623404,1,314.6811618239399,8,17594.328730767767,2,12,0
2025-01-01 00:36:45,148.156.207.244,9.296901201759008,1,480.3289549569273,2,35378.698072629595,1,13,0
2025-01-01 00:37:01,109.253.9.24,9.431253836405775,0,264.0056080935044,6,39095.08594239553,2,20,0
2025-01-01 00:37:05,227.73.68.174,1.1144308491014225,0,223.5421853243566,8,33635.4846845359,1,20,0
2025-01-01 00:37:13,68.2.49.139,6.015873521672306,0,175.7694725983734,3,648.9161361624634,1,15,0
2025-01-01 00:37:18,152.215.69.202,7.277400696966394,0,237.0609358198058,2,13123.231504841135,2,16,0
2025-01-01 00:37:20,114.74.163.230,1.5884612460289802,1,468.7535335201328,2,18269.096917772997,1,8,0
2025-01-01 00:37:31,6.159.66.17,4.125320015724972,1,402.1649437709218,1,26625.618018576417,1,8,0
2025-01-01 00:37:37,194.4.147.59,5.820280181010512,1,265.3880339959506,4,42738.94014770743,1,8,0
2025-01-01 00:37:37,174.226.98.185,5.887199580560007,0,362.6524134659417,8,37737.1118235481,2,18,0
2025-01-01 00:37:50,133.191.21.37,2.1791616554833038,0,595.7928849398959,4,41629.17516177276,1,18,0
2025-01-01 00:38:17,56.9.19.2,4.983767588978531,1,341.95920109994233,6,10507.543819192375,2,8,0
2025-01-01 00:38:23,186.100.209.198,4.576319802899817,0,324.66010840172083,6,7027.279284597625,1,17,0
2025-01-01 00:38:24,157.138.12.202,3.9493117354177807,1,212.58652932423337,8,37036.58883497899,1,17,0
2025-01-01 00:38:37,5.66.99.85,1.0651049783382205,1,400.5695654609121,7,27378.342158929725,1,14,0
2025-01-01 00:38:42,41.51.22.40,9.90434694279867,0,73.33665623962838,2,3699.901242947634,2,8,0
2025-01-01 00:38:45,136.223.62.210,3.8712333611228953,0,366.0419879952766,1,27143.635909417946,1,20,0
2025-01-01 00:38:50,49.64.19.88,8.1067942407356,1,50.2528913200566,7,2750.736241603342,1,18,0
2025-01-01 00:38:53,190.155.66.26,3.349276874448842,0,431.784196552662,3,24845.146576867497,1,18,0
2025-01-01 00:39:07,42.94.167.116,2.2837737282768193,0,593.7868242118809,4,21241.47902515256,1,8,0
2025-01-01 00:39:21,78.162.79.167,9.832897901101193,0,526.6862758876543,1,11540.998915373664,1,9,0
2025-01-01 00:39:22,69.244.202.198,2.8060413697802042,1,342.26274346993114,2,2193.1227911724427,2,15,0
2025-01-01 00:39:28,90.243.63.219,3.178787185149594,1,466.96775565120384,8,49442.32695354844,2,20,0
2025-01-01 00:39:31,16.46.95.70,1.4009935592888656,1,250.05406679447248,2,46019.78792272234,2,10,0
2025-01-01 00:39:36,46.146.143.61,8.378089044015029,1,528.968005304893,5,46032.37227474109,2,9,0
2025-01-01 00:39:52,83.57.44.26,8.242546430993716,0,223.8131402818421,4,16240.780303714171,2,9,0
2025-01-01 00:40:09,119.36.67.51,1.5207074036105146,1,266.8669393730088,1,42665.2849704096,1,16,0
2025-01-01 00:40:17,251.166.140.9,7.594543054862813,0,173.8242601784767,1,14649.068410532693,1,9,0
2025-01-01 00:40:22,190.185.1.184,7.143805366145031,0,351.7207859465454,3,47279.07758859386,1,19,0
2025-01-01 00:40:30,61.101.209.189,7.91462688106629,1,368.2637323176014,6,47916.43920492561,2,16,0
2025-01-01 00:40:33,42.120.183.137,5.368636653021371,1,320.9158982827604,3,9807.550023792934,2,16,0
2025-01-01 00:40:48,205.228.145.232,9.058049464238847,1,37.12521733093158,4,31047.616825166144,1,11,0
2025-01-01 00:40:53,5.206.3.112,6.562985474934965,1,471.4321443846847,5,1978.7996634081069,2,20,0
2025-01-01 00:41:03,223.225.165.252,2.673831570439103,1,507.6319298584769,3,48496.125061009414,2,18,0
2025-01-01 00:41:04,178.43.246.203,6.182207053313788,1,256.57663520894596,3,32779.37806965262,2,8,0
2025-01-01 00:41:08,4.64.40.126,6.987234369310508,0,390.4641319863036,5,36075.758568602294,2,12,0
2025-01-01 00:41:12,63.140.36.27,1.8576575207427068,0,294.36263576643483,3,6463.769884857761,1,16,0
2025-01-01 00:41:13,146.203.71.138,5.6071838651168004,0,520.1880469750672,2,27061.654679139578,2,20,0
2025-01-01 00:41:42,148.55.224.31,6.814044981894347,1,162.66351422025159,1,31944.833625849762,2,11,0
2025-01-01 00:41:46,27.160.146.40,4.2920919276893486,1,228.49464318224707,5,35231.332430344904,2,14,0
2025-01-01 00:42:07,68.214.152.41,7.7704346622565375,1,243.34401500682924,2,1809.138092299042,1,8,0
2025-01-01 00:42:08,177.70.143.86,1.571634114954513,1,418.7138328473991,1,6761.2755057820905,2,13,0
2025-01-01 00:42:36,81.178.48.195,4.0417840560352705,1,140.37212574450717,2,30656.769738942443,1,9,0
2025-01-01 00:42:40,88.253.74.193,5.184797989814047,0,409.37580452785267,5,19118.013337348384,1,9,0
2025-01-01 00:42:45,14.55.104.43,2.437106676312561,1,155.0645566537325,3,18471.495735821285,2,14,0
2025-01-01 00:42:47,137.82.138.238,2.7104746296904896,1,174.72111004760743,7,10184.377112250204,2,11,0
2025-01-01 00:42:51,29.50.145.239,3.0182502386305687,0,319.65839327886533,1,26630.028134688757,1,19,0
2025-01-01 00:42:52,10.123.222.199,1.7759072751299476,0,347.13112505732335,5,36334.81188283727,1,10,0
2025-01-01 00:42:59,19.149.48.23,6.247157804906985,0,44.336200688807395,2,27954.34421883598,1,12,0
2025-01-01 00:43:01,25.123.79.62,2.176104327160547,1,491.2017443580611,8,24295.467359346676,2,19,0
2025-01-01 00:43:05,155.68.127.80,2.877547457676651,0,541.6646994773473,8,29771.155279891795,2,13,0
2025-01-01 00:43:17,33.229.83.202,3.5234298231546113,0,127.09221509371335,3,16451.008330648252,2,9,0
2025-01-01 00:43:21,239.111.111.12,2.731846075764789,1,238.2083948236621,6,30057.281788775046,2,8,0
2025-01-01 00:43:27,100.111.177.40,5.154316258472248,0,560.5475116127891,5,27892.480787149325,1,15,0
2025-01-01 00:43:40,14.253.109.229,7.4133989256078845,1,296.3956927601557,3,45121.39151498755,1,10,0
2025-01-01 00:43:40,212.44.166.162,1.0271977408744086,1,476.90162980760994,6,3761.1769368869695,1,11,0
2025-01-01 00:43:42,227.248.104.158,9.89736491471996,1,558.363041260832,5,28353.938453567447,2,20,0
2025-01-01 00:43:51,36.94.110.16,5.587266562286987,1,59.49230219677818,4,45516.1920338463,1,15,0
2025-01-01 00:43:56,189.138.223.183,7.432819700798436,0,452.5590332799549,7,9201.108159087282,1,12,0
2025-01-01 00:44:06,102.107.151.71,7.351847744125539,0,77.21293223008615,5,46068.809119795034,1,20,0
2025-01-01 00:44:06,4.44.9.195,5.426816352551722,1,462.2807050178682,3,20084.765350322505,2,12,0
2025-01-01 00:44:11,3.196.50.99,9.143061313353904,0,508.73556755917514,3,31496.243754310213,2,15,0
2025-01-01 00:44:13,127.252.65.141,1.2898906115117459,0,300.12516346550086,3,19840.921643146532,1,12,0
2025-01-01 00:44:19,110.138.159.152,7.973823349293275,1,290.11309086305624,2,21861.68786764918,1,17,0
2025-01-01 00:44:24,134.21.253.204,1.420338680191926,0,134.47524110544563,1,41692.25733004924,2,12,0
2025-01-01 00:44:25,102.23.155.72,7.6718342695567605,0,567.8565079861411,2,9399.309354555298,1,18,0
2025-01-01 00:44:36,221.25.133.139,5.882888605559478,0,44.57886195831773,5,31332.856536158597,2,11,0
2025-01-01 00:44:43,198.139.219.37,6.401564924784194,1,281.6943717494672,6,17870.49878565557,1,14,0
2025-01-01 00:44:49,165.172.169.67,4.895360817173964,1,49.07608578603657,5,30548.577533288986,2,16,0
2025-01-01 00:44:55,39.175.136.246,9.837646398304727,0,289.4306391190722,1,6280.225205116112,2,19,0
2025-01-01 00:45:00,167.162.104.150,6.4582329411000465,1,34.77440223330451,5,47251.90423686444,2,20,0
2025-01-01 00:45:06,247.193.197.217,3.505345082183329,1,431.18054557541984,4,33933.91472587575,2,19,0
2025-01-01 00:45:09,36.81.142.200,1.6109375784347582,1,356.10293271296723,4,29912.033002260618,2,20,0
2025-01-01 00:45:23,163.191.104.159,7.314695341627053,1,401.3092510862341,4,48151.22433524869,1,17,0
2025-01-01 00:45:30,66.34.14.152,7.989867582685044,0,340.1194713428478,6,21764.789427540418,2,16,0
2025-01-01 00:45:34,114.159.6.236,8.954947876718238,0,228.4585988508338,7,18447.09979504191,2,14,0
2025-01-01 00:45:34,86.209.160.67,5.446431143499678,1,83.7231164481712,3,23160.0380093388,2,19,0
2025-01-01 00:45:37,43.93.193.186,1.7624306035895363,0,520.9529462362741,4,46730.2023103735,1,17,0
2025-01-01 00:45:40,172.58.213.10,6.632256094215383,0,179.35754722561322,7,41801.09289500262,1,11,0
2025-01-01 00:45:48,67.33.147.33,5.399069171761366,1,444.2745263588104,7,33621.33044204371,1,10,0
2025-01-01 00:45:52,10.106.58.10,3.164765936228273,0,243.39155792977633,5,34403.35389310807,1,10,0
2025-01-01 00:45:52,21.40.154.62,7.184239069761336,0,248.21966816999927,4,8239.986626986876,2,18,0
2025-01-01 00:46:10,185.240.139.25,4.285358023270668,1,85.63199306895575,8,46149.30605899204,1,12,0
2025-01-01 00:46:19,251.111.86.242,5.595070602345659,1,496.41373735830456,8,36879.79037718621,1,9,0
2025-01-01 00:46:39,115.207.196.235,4.540663117931408,1,220.83171930837224,6,5713.780259161804,1,20,0
2025-01-01 00:46:43,71.67.222.124,8.12402401258964,1,441.88155911818353,3,7989.64353147721,1,20,0
2025-01-01 00:46:52,77.119.255.213,4.555165346659048,1,109.36372930075345,5,47046.89092515879,2,15,0
2025-01-01 00:46:57,123.37.42.194,3.590983967260312,0,250.11522961858068,4,42657.43829403355,1,17,0
2025-01-01 00:47:18,120.40.147.182,2.7784344005425576,1,51.70083766328022,5,16917.343417908003,1,17,0
2025-01-01 00:47:22,56.57.205.109,9.520035946837476,1,517.2590706757472,6,43171.84939804481,2,18,0
2025-01-01 00:47:25,160.5.137.200,2.8338583482413138,1,69.96858433334383,8,36787.3053556529,1,13,0
2025-01-01 00:47:34,31.38.51.225,8.749878759523824,0,399.3402445528637,2,34488.77669544682,2,17,0
2025-01-01 00:47:35,170.17.168.53,2.768749917157543,0,88.12504639933589,8,19184.79013325385,2,15,0
2025-01-01 00:47:35,103.180.17.164,8.876725200448142,1,312.02688389164774,4,9336.025207415867,2,15,0
2025-01-01 00:47:41,243.73.109.42,8.872707432862594,1,599.502556123574,6,41731.67311446888,2,19,0
2025-01-01 00:48:00,62.24.57.140,2.6552390614839747,1,38.65552914840122,1,4910.433489915216,2,18,0
2025-01-01 00:48:13,252.180.245.166,4.4385386411646754,1,518.1448836937042,7,14492.721391120578,2,17,0
2025-01-01 00:48:16,54.184.213.149,9.003358243667334,1,554.9227673175977,3,47177.21877199751,2,14,0
2025-01-01 00:48:28,245.103.167.148,4.118043089140222,1,574.0420193465251,4,43353.92115038551,1,10,0
2025-01-01 00:48:34,202.50.136.189,7.507900092339194,1,513.566252495666,8,18905.36835000802,1,15,0
2025-01-01 00:48:34,113.35.239.110,7.75505128791097,0,103.59010276686038,6,42344.012656973944,2,18,0
2025-01-01 00:48:41,94.45.235.158,9.462150396471174,1,231.47190112601086,2,9400.82751636058,2,14,0
2025-01-01 00:48:41,166.115.87.117,6.450878637282955,1,379.09875651646524,5,7181.898236626377,1,13,0
2025-01-01 00:48:43,56.254.202.162,4.750166917120099,1,407.087101208595,4,15730.448028627552,2,12,0
2025-01-01 00:48:47,245.82.167.107,5.440016711865545,0,309.0922969016085,8,45502.09640711153,2,18,0
2025-01-01 00:48:54,12.137.105.193,4.731220312663049,0,376.7334514661181,1,16049.916282308759,1,9,0
2025-01-01 00:49:06,36.186.83.190,5.085302616128929,1,581.1882400479615,2,13986.408586605268,1,9,0
2025-01-01 00:49:07,80.69.189.194,9.17421761659051,0,397.47000045509367,3,41892.75652172526,2,13,0
2025-01-01 00:49:08,182.198.141.226,4.022087879201621,0,68.02831230549808,5,28884.175427654627,1,8,0
2025-01-01 00:49:09,82.29.63.214,3.400943067521775,1,514.3046755809244,5,5726.041648704088,1,20,0
2025-01-01 00:49:25,212.36.40.56,9.129097666488851,1,506.99840605310607,2,36675.04909069149,2,9,0
2025-01-01 00:49:44,103.85.40.218,6.363387820843019,1,592.4866265634217,3,17684.622234843522,2,14,0
2025-01-01 00:49:48,183.227.184.202,8.265991075804681,1,528.8023753907753,1,2872.4432524172207,2,9,0
2025-01-01 00:49:59,66.4.51.209,4.56309949068244,1,563.9407333337551,7,18778.43240981025,1,15,0
2025-01-01 00:50:17,40.75.107.134,2.410481950452886,0,595.5548606051294,7,37839.778743868745,1,14,0
2025-01-01 00:50:19,202.37.196.247,3.3989906214587116,0,331.3149757382958,6,45691.48238697098,2,11,0
2025-01-01 00:50:20,197.134.158.195,7.902504792709182,0,148.07814969293656,5,19516.681434860187,2,10,0
2025-01-01 00:50:21,31.254.160.165,5.652637205373197,0,45.2719175891674,2,43125.972261926254,2,20,0
2025-01-01 00:50:22,126.89.135.134,5.193256751948211,1,566.4177226606421,1,26426.59154827369,2,15,0
2025-01-01 00:50:34,200.125.75.246,6.7021122005390525,0,289.0589450911017,3,19828.115065607602,1,12,0
2025-01-01 00:50:41,170.91.243.70,6.401789060482019,0,248.70173006003444,1,30202.920717845696,1,8,0
2025-01-01 00:50:47,222.157.52.231,6.375348513916395,1,124.26396311697322,5,16981.226422507054,1,13,0
2025-01-01 00:50:52,4.35.93.10,2.748086323603339,1,482.2567945564296,1,38189.43963920923,1,12,0
2025-01-01 00:51:00,141.202.176.126,7.503553024139421,0,493.2669237692669,8,28473.233466526333,1,13,0
2025-01-01 00:51:02,54.254.80.87,9.421883384008593,1,421.055462675363,5,17895.378685735235,2,11,0
2025-01-01 00:51:09,118.185.112.23,5.122665100372036,1,320.2079769995485,4,10233.117252963792,2,12,0
2025-01-01 00:51:12,128.161.170.58,1.938711884905734,0,513.1394272191723,1,47590.819470362636,1,12,0
2025-01-01 00:51:30,50.116.207.14,6.20974591677908,0,177.4787440427075,8,7147.158991432856,1,16,0
2025-01-01 00:51:44,12.252.84.144,4.410706993291017,0,259.03759649196263,2,17530.892739145605,2,19,0
2025-01-01 00:51:47,115.16.129.119,9.112457560238585,0,419.9897286081844,1,20127.58201042208,2,19,0
2025-01-01 00:51:47,150.132.194.170,5.389845052373396,1,286.87713461495497,8,25227.834260929445,2,16,0
2025-01-01 00:51:57,230.172.253.215,2.681679782644526,0,481.4925163298766,7,46378.637252932196,1,9,0
2025-01-01 00:52:09,36.158.121.217,8.036182328191748,0,414.47331976305986,2,21550.356168634884,2,8,0
2025-01-01 00:52:09,202.170.255.107,6.106153856570242,1,400.1672948449353,5,49592.165082867636,2,9,0
2025-01-01 00:52:30,35.168.105.135,2.7025552645962407,1,515.6117847050839,8,14756.534103939204,1,12,0
2025-01-01 00:52:38,84.235.193.125,2.1125185417276855,0,411.2756946448475,7,17643.229476153174,1,15,0
2025-01-01 00:52:49,133.245.65.37,9.645998561972345,1,330.753779869903,2,23857.263925474097,1,9,0
2025-01-01 00:52:49,193.35.252.250,9.870501732446463,1,268.67998702761906,2,47606.24715475966,1,17,0
2025-01-01 00:52:56,204.52.58.181,4.878488235648513,1,434.01320436790195,7,2697.9910484614015,2,8,0
2025-01-01 00:53:06,8.44.62.208,4.233778603832588,1,485.1115013487366,1,22286.58234177224,1,10,0
2025-01-01 00:53:07,200.80.235.195,1.2019232043892358,1,315.9924922003759,3,43919.88136930211,2,15,0
2025-01-01 00:53:09,236.173.47.249,4.376513498175166,0,587.3021436250734,6,40588.77251739166,1,16,0
2025-01-01 00:53:17,250.2.86.74,5.1017805772234475,0,172.8707074887004,3,17893.03162201724,1,12,0
2025-01-01 00:53:18,171.213.91.241,9.808296665809898,0,412.8561896269374,8,37427.648739043056,1,15,0
2025-01-01 00:53:18,36.38.93.174,7.159643172978164,0,413.6269190373581,3,47087.10636647426,1,17,0
2025-01-01 00:53:23,36.4.86.138,2.631461903380621,0,58.20084782564947,8,49745.711099968576,1,12,0
2025-01-01 00:53:36,164.171.54.60,6.118207959613542,0,174.13422064215695,1,4467.942877039043,2,15,0
2025-01-01 00:53:52,86.133.59.121,9.949757468171741,1,173.08155035118037,6,44695.23607301803,2,11,0
2025-01-01 00:54:05,206.247.2.228,3.377675045866449,0,112.7535763791147,6,9006.76094425864,2,15,0
2025-01-01 00:54:13,147.238.165.139,9.356383250688907,1,286.0567991697153,4,39609.03475686257,1,19,0
2025-01-01 00:54:24,80.223.249.224,2.540039592917603,1,241.4045715616762,4,37694.658242482124,1,12,0
2025-01-01 00:54:27,179.112.224.114,9.963569802754924,1,525.5061673918668,8,22047.491802494067,1,14,0
2025-01-01 00:54:30,244.203.124.84,7.6106197043966715,0,190.41482801119108,6,34676.77705288083,2,16,0
2025-01-01 00:54:39,26.6.33.134,2.8514940415665606,0,298.6375668924287,2,4095.6646661780655,2,18,0
2025-01-01 00:54:44,116.144.62.239,9.178249529612588,0,323.45535682589775,8,13180.26332365787,1,8,0
2025-01-01 00:54:53,195.242.222.185,6.7102809829379515,0,526.8093361880501,6,47448.752888497336,2,20,0
2025-01-01 00:54:56,123.75.143.74,1.4355537205561988,0,53.39377917208222,5,38676.8781353836,1,14,0
2025-01-01 00:55:10,34.251.146.122,9.97653320770803,0,442.0313300755863,4,25502.777531708925,1,16,0
2025-01-01 00:55:12,82.178.7.25,8.740839497639275,0,517.2261470063988,4,40280.562913251626,1,12,0
2025-01-01 00:55:20,64.246.220.50,1.3520679327070404,1,292.15971327532696,5,32652.335344277682,1,20,0
2025-01-01 00:55:31,47.68.138.85,9.509992831344713,1,494.9101383592849,6,6534.180705978333,1,15,0
2025-01-01 00:55:34,20.83.227.194,6.486163296576232,1,170.39378640666118,3,25695.759708572095,2,19,0
2025-01-01 00:55:35,14.67.34.55,8.041730847881594,0,65.01004683253666,1,1851.2088016626049,2,19,0
2025-01-01 00:55:42,96.156.111.223,2.9826715036498017,1,465.282193761808,5,41373.54414915058,1,9,0
2025-01-01 00:55:44,10.156.24.171,3.3817453053293978,1,248.82972782127223,5,35977.072464630786,1,13,0
2025-01-01 00:56:06,194.27.201.131,2.0660745895123918,1,265.0573959522081,3,45144.113809564435,1,9,0
2025-01-01 00:56:13,96.225.234.193,4.0839307398981095,0,378.1479193816584,3,10234.434332125305,2,13,0
2025-01-01 00:56:27,5.178.110.229,2.485743191292724,0,46.40132076313793,4,11294.665760489697,1,14,0
2025-01-01 00:56:28,85.205.247.105,3.5350647732800513,0,465.75666563360886,1,38093.30935587049,2,18,0
2025-01-01 00:56:30,99.169.167.47,3.2361229486545025,0,494.7221802913887,2,829.9289146276897,2,15,0
2025-01-01 00:56:33,216.92.73.97,5.762205242569004,0,107.6925746567886,2,14881.576746800847,2,20,0
2025-01-01 00:56:38,79.195.24.73,8.057066262319665,0,577.1157652951418,1,7356.082305894392,1,11,0
2025-01-01 00:56:57,99.49.148.235,8.898124183816368,1,271.682839792102,8,35886.323978045875,1,13,0
2025-01-01 00:57:04,233.212.13.80,4.171763211176183,0,275.78713069081823,6,24391.937307500044,2,10,0
2025-01-01 00:57:06,95.106.249.235,8.43381726619533,0,424.0845129789416,4,28289.72842623032,1,16,0
2025-01-01 00:57:08,163.93.184.102,7.886370832905023,1,156.04317709959759,7,9788.479317132758,1,13,0
2025-01-01 00:57:30,184.42.92.222,4.822778237894474,0,147.88240399700447,4,10653.487955878752,1,8,0
2025-01-01 00:57:32,211.14.152.165,9.917415148000007,0,76.33366979520312,4,25033.32221621154,2,17,0
2025-01-01 00:57:33,114.149.218.156,3.624374298621463,1,504.2091885646348,8,40371.88423505199,2,8,0
2025-01-01 00:57:34,115.47.213.239,3.9731265487126692,0,150.28164299385554,5,21887.556213252166,1,18,0
2025-01-01 00:57:41,3.228.58.148,7.014314303402243,0,473.6218252607783,5,31450.60755252962,2,11,0
2025-01-01 00:57:55,153.193.57.203,6.029763408387012,0,472.953953365252,3,33425.03403302424,1,17,0
2025-01-01 00:57:59,45.40.156.89,8.496843884455139,1,494.69574147267275,3,47393.103186193766,1,8,0
2025-01-01 00:58:00,17.167.31.86,1.6458746269349906,0,116.70839629973908,2,8692.230439690997,1,20,0
2025-01-01 00:58:12,172.72.252.11,7.190141829650393,0,486.3785478027583,4,36649.93662363234,2,11,0
2025-01-01 00:58:26,168.185.171.68,9.684643482007534,0,260.0661389978146,4,17508.97364767555,1,18,0
2025-01-01 00:58:31,235.74.185.79,9.584912461606578,0,435.4364307552387,8,43068.781577345086,2,9,0
2025-01-01 00:58:37,119.75.211.141,4.108510275108948,0,482.4567341176826,4,43261.39113643668,2,20,0
2025-01-01 00:58:53,214.110.194.202,6.461616951738224,0,335.2245640968612,4,32516.774429827325,2,17,0
2025-01-01 00:58:56,215.44.147.122,1.2396986205211573,1,256.7731711334843,7,3897.2465476525867,1,17,0
2025-01-01 00:58:59,51.40.254.190,8.499555502379351,1,505.00519571930795,4,32366.622723961096,2,14,0
2025-01-01 00:59:06,29.111.163.98,7.6238811443349395,0,434.09735096618135,7,17410.172269986284,1,14,0
2025-01-01 00:59:25,15.25.125.76,3.8650049057848697,0,446.10462901414996,5,20189.13699391944,2,18,0
2025-01-01 00:59:29,183.9.239.172,3.468489491131521,1,153.70278810926015,7,47606.04595620568,2,17,0
2025-01-01 00:59:35,237.122.86.236,2.6640978687832315,0,179.94063053738657,8,25036.582853614145,2,17,0
2025-01-01 00:59:40,125.42.161.61,4.654291828163031,0,366.47298929283295,4,3041.3921482718038,1,19,0
